<?xml version="1.0" encoding="ISO-8859-15"?>
<uc-export clientvers="12.0.1+build.8663">
<DOCU name="PCK.CUSTOM_OCTOPUS.PUB.DOC">
<HEADER state="1">
<Title>Pack Documentation</Title>
<ArchiveKey1/>
<ArchiveKey2/>
<OH_SubType/>
</HEADER>
<DOCU_Docu state="1" type="text">
<DOC><![CDATA[Contains actions to integrate into Octopus Deploy.

# Supported Versions

Tested against Octopus Deploy 4.13.14 running on Windows 2012

# Setup

- Octopus Deploy CLI (octo.exe) is required on the agent executing the actions.]]></DOC>
</DOCU_Docu>
</DOCU>
</uc-export>